{"cameraMode":{"drawMode":0,"name":"Shaded","section":"Shading Mode"},"sceneLighting":true,"audioPlay":false,"sceneViewState":{"m_AlwaysRefresh":false,"showFog":true,"showSkybox":true,"showFlares":true,"showImageEffects":true,"showParticleSystems":true,"showVisualEffectGraphs":true,"m_FxEnabled":true},"in2DMode":false,"pivot":{"x":1955.8194580078125,"y":34.6093635559082,"z":-1.00238037109375},"rotation":{"x":0.025793159380555154,"y":0.032978497445583346,"z":-0.0008519741822965443,"w":0.9991266131401062},"size":251.9099578857422,"orthographic":false}