{"cameraMode":{"drawMode":0,"name":"Shaded","section":"Shading Mode"},"sceneLighting":true,"audioPlay":false,"sceneViewState":{"m_AlwaysRefresh":false,"showFog":true,"showSkybox":true,"showFlares":true,"showImageEffects":true,"showParticleSystems":true,"showVisualEffectGraphs":true,"m_FxEnabled":true},"in2DMode":false,"pivot":{"x":865.974365234375,"y":156.56639099121095,"z":-362.7812194824219},"rotation":{"x":0.03000478260219097,"y":-0.14047390222549439,"z":0.004258588422089815,"w":0.9896255135536194},"size":23.474809646606447,"orthographic":false}